Time_s,Airspeed_ms,Groundspeed_ms,Battery_Voltage,Motor_Current_A
0,15.993428306022466,6.795361996264459,16.761642053096402,33.85709483012906
1,14.723471397657631,6.949570348919325,16.78688711593986,36.2458770435791
2,16.295377076201383,11.11648596644086,16.753789558395123,33.28975455241282
3,18.04605971281605,14.986870045932772,16.777072328684607,40.556817620467505
4,14.531693250553328,7.437023309712558,16.69377193168189,41.97210550435033
5,14.531726086101639,8.35126992983639,16.797574457290512,30.683504467031042
6,18.158425631014783,10.472845970931587,16.78421748393807,42.80134076725457
7,16.534869458305817,9.629354053259908,16.74169281074407,31.07451086539999
8,14.061051228130095,5.912393082172089,16.812887954348646,46.71077156135138
9,16.08512008717193,12.690825721853635,16.827181359698667,29.4329654715472
10,14.073164614375075,5.1209824174720975,16.695145915683103,42.4361834501101
11,14.068540492859487,8.475741678782288,16.737067361664653,42.81458086586535
12,15.48392454313207,4.258141925256272,16.731929991201696,41.01574739283035
13,11.173439510684403,8.241002964953108,16.72553862667169,23.879282165897635
14,11.550164334973935,1.3422729254781878,16.808369796391844,42.49778618726147
15,13.875424941518055,8.281692591130112,16.757511826886162,41.379358955872476
16,12.974337759331153,9.928591770174497,16.753251384939894,23.4947616009291
17,15.628494665190548,12.080152167353512,16.664032710530744,17.935907005121226
18,13.183951848957578,9.144993773540538,16.793751422472752,30.82212185878909
19,12.175392597329417,5.902894758123667,16.696900831337725,40.3036996779661
20,17.931297537843108,11.36279107373661,16.759712378281264,44.13832167690714
21,14.548447399026928,11.269547410842666,16.77022939690382,29.24199316594153
22,15.135056409375848,10.208120186158796,16.821569461680326,32.79673941085409
23,12.150503627573087,0.7236925517374964,16.68284557450613,53.623125822949916
24,13.911234550949635,3.7286050406474995,16.59593307745381,36.01655052212717
25,15.221845179419732,8.912874170397636,16.756037991733177,35.67533814212915
26,12.698012845155395,7.584002410650794,16.83546855385829,36.18014031863449
27,15.751396036691343,10.39130205653656,16.8052672706569,37.966281566734736
28,13.79872262016239,6.9581687019711405,16.751062693804638,36.132074370428086
29,14.416612500413446,12.484990196008663,16.716452379566196,29.035449667338774
30,13.796586775541206,9.568716387811241,16.778242194638004,21.01410400839498
31,18.704556369017876,18.710308590650644,16.689325566125593,21.697253495065222
32,14.973005550524132,8.775336182708294,16.756719053783904,39.662882298404014
33,12.884578142088198,5.942990322979975,16.75580271404878,33.97170546694305
34,16.645089824206377,13.0946492111045,16.783235275068392,32.39580233415174
35,12.558312700057956,2.8363524101878568,16.863122021800617,46.67828308375368
36,15.417727190009511,14.095024179016535,16.746959446853445,25.932660017697128
37,11.080659752240448,10.47378439286991,16.70024838103494,27.066069573723933
38,12.343627902203139,6.670272446523223,16.71988460666256,31.53304808493677
39,15.393722471738247,7.252427563901783,16.629475557301628,40.249533417192694
40,16.47693315999082,6.425150085617215,16.680238451908362,48.15464699669333
41,15.34273656237994,11.71938935098676,16.69572420448865,33.031559227628534
42,14.76870343522352,6.532660934929632,16.685677558853126,38.539428652768095
43,14.397792608821423,9.513318017323545,16.719175506305938,35.89003120444972
44,12.042956019265144,7.560837919087604,16.6686379443308,37.53728515353817
45,13.560311583210582,5.9093317707505655,16.762226043459993,30.052253232032644
46,14.078722458080424,7.121753822840166,16.70453186892829,44.70930759526001
47,17.11424445243783,16.84342092339058,16.705399572178543,23.860373364689146
48,15.687236579136922,6.257615529959235,16.682890453649765,45.986691764556525
49,11.473919689274531,2.333645626832176,16.705189397161732,49.26678274311085
50,15.648167938789591,12.524856043318179,16.739693257285644,24.388255304790494
51,14.229835439167367,8.04242483885514,16.651549783914298,33.827616188486715
52,13.646155999388082,7.164065440539865,16.659853130266814,36.521437638317906
53,16.223352577681737,10.441331280210015,16.67592268791243,32.6452749893213
54,17.0619990449919,13.712914506528161,16.623031911557106,40.37285195611152
55,16.862560238232398,13.877430342046551,16.64754454206583,26.68639932323773
56,13.321564953554724,8.39822716652906,16.661727287429255,32.068941676616994
57,14.38157524829757,5.863388190519476,16.725460365506745,43.05831927357107
58,15.662526862807129,9.031726399023832,16.693812666218207,32.250853297186154
59,16.95109025424472,13.062933250503036,16.689735417066508,30.797910448702044
60,14.04165152430942,6.726555392364387,16.718887350042426,41.21745857014094
61,14.628682046672365,18.17430990856259,16.672904224510976,16.244442254306993
62,12.787330051987944,4.341032950871632,16.691300093945888,41.42565990773288
63,12.607586751838658,12.826728088172956,16.668948483021545,21.91505676508955
64,16.625051644788396,12.712374468997792,16.683311778882086,25.253002805677372
65,17.712480057141647,16.07148974102008,16.640041571961362,29.889946688939325
66,14.855979756839332,13.74002418400205,16.54550116429976,36.00657650391077
67,17.007065795784047,8.52458543364849,16.655044801709618,42.05696887818831
68,15.723272050095268,12.126375654030943,16.733338958606968,33.3201133783664
69,13.709760490789751,7.6702488455976034,16.705291014289482,40.54263706596859
70,15.722791211016828,10.86355294765438,16.705840255097876,28.3718240439914
71,18.07607313293194,11.644950651262574,16.716590974849478,46.37481825398676
72,14.928347921780096,9.697882248599331,16.657817646711486,36.47257532847554
73,18.129287311628012,16.97826398419372,16.663290273706565,35.46133115031413
74,9.76050979182051,1.77170933347909,16.61712300499911,37.312435939062894
75,16.643805008750448,13.125074758234385,16.63243699207339,41.127770113821256
76,15.174094136476343,14.843839832455597,16.678623430336547,29.536286078215408
77,14.401985299068265,10.686330781966003,16.704336394599892,35.19650946346631
78,15.183521553071005,5.681242181168072,16.63227654653,45.17468101557161
79,11.024862170798215,3.474196944457736,16.61571520414426,38.858687362308714
80,14.560656224324976,10.606612627548554,16.63804937614444,38.910745485922206
81,15.714225143023492,11.761998255978778,16.666084224002937,33.606253123329665
82,17.955788089483033,13.92069324313518,16.561789711770146,23.234841174759943
83,13.963459563452705,2.7332156127701825,16.513575830367795,41.874555592830035
84,13.383012794213625,7.2372064375189655,16.601400254347077,36.36238395242559
85,13.996485912830927,7.706360971257718,16.565819316233505,39.13024479897419
86,16.83080423540415,8.739953873308622,16.598547564936588,40.89875827969158
87,15.657502219319369,9.941134742239829,16.61575280032059,42.527588903127395
88,13.940479592465923,9.717606029928032,16.59922614276758,23.69023780488266
89,16.02653486622671,11.615584413481645,16.692417901497166,34.539840588015934
90,15.194155098696081,10.408958876938271,16.633944640119235,25.480496316579845
91,16.937289981065778,12.048956690595302,16.630579551335305,38.57522805836179
92,13.595893812245295,6.413005181334356,16.643518912886716,38.89348368961187
93,14.344675706804464,9.188838049382566,16.554480425282254,37.409725174964386
94,14.215783693735684,7.017863462088947,16.66035662925519,35.07642566034464
95,12.072970103735763,7.31511984406151,16.603832860543392,40.913025177637266
96,15.592240554129152,10.35633498318088,16.638906078076587,40.6804344621908
97,15.522110544359778,16.5167125979561,16.552904439374792,25.928517407866792
98,15.010226913284923,7.261243889177479,16.522437570187144,39.85037981389769
99,14.530825733249706,8.491360305555729,16.639874750187406,39.97821728186362
100,12.169258515899172,4.175228186320215,16.614823461140087,37.45359781922117
101,14.158709354469282,17.84747548905035,16.554741805349412,21.900246025941424
102,14.31457096694646,3.0494468526042784,16.54688428387909,55.77765270030397
103,13.395445461556761,8.814214346022283,16.64798112366297,39.51551503096489
104,14.677428576667982,6.352880126455432,16.52836713113153,38.001084551388054
105,15.808101713629076,13.927819495005668,16.671193506553486,30.56765102361233
106,18.77237180242106,11.93405008723335,16.539549802410015,32.21093571158218
107,15.349155625663679,13.509402315184648,16.616999719625184,31.54145817683644
108,15.515100781445529,12.386407663532944,16.566004729653592,33.51040330013787
109,14.851108168467665,4.109014106867306,16.60678832452332,37.135106425539895
110,11.162457569401917,6.734504771691958,16.550580323495435,28.0469863758581
111,14.946972249101567,9.294673629562398,16.567034205386616,34.8889027553595
112,15.120460419882052,7.5102572278157895,16.574240857173752,38.71610764842839
113,19.926484224970572,13.439438561052757,16.52064710437897,31.926706650741604
114,14.615278070437755,9.164021355007026,16.60631558891329,37.84740707762238
115,15.603094684667225,9.508211677268548,16.54129188017272,38.447134059499916
116,14.930576460589513,2.720329704874688,16.550464880855145,48.449147851537056
117,12.662643924760935,7.835500315861692,16.513868959465125,30.87532971700667
118,17.285645629030043,11.68234848888514,16.43308166849016,41.450129912372624
119,16.503866065373547,8.35190287735071,16.54837263027598,49.58096194148715
120,16.582063894086094,8.265486095212143,16.67647248218121,39.215348178515214
121,13.181225090410521,4.620134173729381,16.592949668936562,39.061347247588174
122,17.805588621872197,10.889397955784643,16.551578885680236,41.28841965923509
123,12.196297874415439,10.62531261260689,16.540069965908685,26.351823624882165
124,16.17371418760054,6.273419590697253,16.54817314734215,44.103603190490404
125,19.380911251619956,17.81994743067602,16.57657547384829,31.82019340051123
126,13.018927349738624,7.111020954021524,16.4860054060367,27.269032353897735
127,13.867404540794457,11.13023209085253,16.600347498508473,37.0658565241472
128,15.199302730175283,10.391717769954262,16.577365273291953,34.97857254208875
129,13.993048691767601,8.00676146085716,16.57491614266994,34.91510873900998
130,11.898673137867736,5.934601491516917,16.55894175111731,36.48197252159439
131,15.137125949612054,8.8713636869062,16.535847951753347,37.3436713005143
132,12.87539257254779,3.034258765371849,16.564722494894752,36.02626109712726
133,15.947184861270363,9.586581956728423,16.560410405234798,45.19589694635006
134,13.161151531532393,8.89362143740434,16.512164199405888,33.7416883496092
135,18.09986881003508,10.207607305170008,16.497373780602725,42.99953366196702
136,13.433493415327526,4.865081948553604,16.528808609029713,46.894571786418055
137,14.35587696758865,13.038700412999628,16.602792419297465,22.52854082137654
138,16.62703443473934,9.834834225189766,16.458648546112528,40.951759914275286
139,12.53827136713209,5.434753140199395,16.445071977598914,37.868830999371426
140,15.45491986920826,11.347610379288234,16.526184387316867,37.44847285592252
141,17.614285508564855,8.487165068629997,16.515980824872834,32.61810377811224
142,11.785033530877545,7.235200291975125,16.52239216659907,33.60419497659849
143,15.36926771706461,9.992538356649982,16.523509295215216,32.739355441909446
144,15.519765588496847,11.038981061348455,16.498599495004687,36.12288380746756
145,16.56364574355462,11.516908600810218,16.581969803358735,37.443695222329815
146,12.526098578243836,10.814923838929442,16.427099213706516,24.88422000451866
147,12.359086773831446,11.67923942161433,16.46423522508488,22.798825383554014
148,16.043883131233795,6.2603679415588775,16.49394550439771,44.013703536563185
149,15.593969346466372,13.134853391421355,16.41861100146477,25.43502077351399
150,15.500985700691754,13.475162749060676,16.490194368302582,33.26156438052279
151,15.692896418993952,17.153066759805096,16.581803593456808,20.23362331614048
152,13.639950556843019,10.556835799911525,16.495502767036335,16.63128841725478
153,15.464507394322007,14.433776774544501,16.505019679976048,25.187350956445982
154,15.586144946597363,5.660099466188255,16.424028739001166,39.659371856598355
155,13.571297163947264,5.541845895919362,16.455167203964013,32.90252345875108
156,18.731549022289514,15.796000057822685,16.46777240650157,24.683964737820794
157,15.947665841823575,4.190358425790649,16.464235591454173,49.06165719123071
158,12.617393005594703,4.6720965446199205,16.544109541519703,47.53379706319072
159,16.31310721726766,12.287601367793528,16.507871800111516,34.61693406827317
160,13.050636659545358,15.548853804166077,16.42567621072546,16.971048769679864
161,16.574169207484903,4.701341489712679,16.484388825062716,51.025176411397965
162,17.317191158014808,16.485908558305596,16.500495446124983,24.367113648323464
163,13.358635363296578,13.294831604167253,16.530975550046502,21.654605672442926
164,16.926752258488644,8.859040962459723,16.546993178680406,35.36360925089292
165,15.825561853872996,3.5063046348551783,16.413085661799098,40.87937040427704
166,16.64412031998898,7.491301864457423,16.422880715211715,41.35601837826589
167,18.793585965307894,12.101858605150817,16.399775243374194,39.17372216991481
168,14.509223767994259,7.724960742998401,16.448906875532156,38.08540769991727
169,13.492527671285021,5.932280994944098,16.481537795384146,38.04065871294505
170,13.220971140748954,5.944185371388659,16.505728332944773,34.82484123523668
171,13.368379430069123,7.524805158160995,16.451280661681924,39.7283795022411
172,14.845796581171792,9.533193269316163,16.43735132218133,29.039547023978333
173,15.682303949633289,10.870083333331856,16.45918178930429,38.50458080182024
174,15.553381598660039,12.815275365260067,16.4088738018018,25.465127372166318
175,16.654366498072047,12.49639172867237,16.55239794870004,29.55377335203418
176,15.026003783755813,15.10487422634197,16.36765638386539,17.508333161749302
177,17.907068154314633,13.202087034698883,16.45288453838498,31.902951504803315
178,14.470686333524087,12.43645965497684,16.544163197622208,33.94501564948439
179,20.440338333179238,18.75110628482655,16.441495376203825,30.956604538925156
180,16.251334695530012,10.711652242069576,16.427728207023197,40.97147546706105
181,13.285684887167434,4.1096780281336365,16.415539725429962,45.962726447737275
182,12.858215003877776,5.103265185870837,16.423102941002877,34.99155049336203
183,15.96494483048637,15.676446641355902,16.502498174639264,23.92305025662315
184,14.553074429348298,12.52195883905931,16.32039134663838,25.16123553499066
185,16.428000988184184,8.605687424219536,16.502760528282835,47.297501648124495
186,15.94647524914709,13.893937429762019,16.3557758734678,23.121132406638583
187,14.854342174686254,10.528241624677328,16.410504333263276,38.120689546963405
188,13.30641256386319,6.656256266789535,16.39921270083653,42.76508194469116
189,11.970305550628272,9.875338915219178,16.450380180170832,38.33803427939863
190,14.106970095865957,8.790843577428078,16.337435719146594,33.583820073728276
191,16.712797588646943,15.714874073401557,16.440609671546476,30.557457828391584
192,15.428187488260408,12.232290420114047,16.51561753263027,42.800053318986926
193,12.508522442576023,6.549176640148412,16.342861626869144,33.830483220186736
194,15.346361851702364,15.12534305229737,16.421374798980814,17.766836361148187
195,15.770634759457673,9.449210545576477,16.37374017900323,28.242798258223573
196,13.232285127597734,8.291198524377778,16.426823817008046,38.445733350746565
197,15.307450211891055,8.649980348639613,16.403628653939165,28.899188686209968
198,15.116417436892,9.444675034698015,16.369089783346688,34.48188953969836
199,12.714059404338753,3.6216381144172214,16.421847403598594,45.37140851503787
200,15.715574720696566,10.339901212752844,16.48752956873537,36.677224700037016
201,16.12156905273647,12.409785676112227,16.386598918725323,34.55079107416934
202,17.166102486350553,11.799209977253701,16.42930445085286,36.845234297197976
203,17.107604104069807,10.477710016960643,16.32602140506289,44.6541172407853
204,12.244661264085817,7.098081053108704,16.34160489105361,30.53157851826024
205,13.124349920169754,8.002574846558108,16.411059426357212,31.858574454930636
206,16.03007053441732,13.136045597837587,16.46075878895851,26.924752646805345
207,16.027571901824416,13.016274654477261,16.402275018815608,35.17355355400736
208,16.030095372612095,15.237911188011175,16.367951006381542,31.086361311177157
209,22.70546298130944,12.456732751748623,16.376840205156387,47.75358705571418
210,16.141781021386333,14.873370727560188,16.3168454081546,33.454288922101924
211,17.271131280361196,14.349846873748918,16.406765124114465,24.95236447634265
212,16.908003526986406,14.063225323693999,16.418694264014526,39.0256769643405
213,16.302782502611596,8.618009371778271,16.347553096792932,47.98573937022794
214,14.369461510719308,10.254310545595391,16.34644031712946,36.90841191647657
215,16.517938440986534,7.7747122229653325,16.378922298373592,51.3954469798977
216,13.454349570924856,10.474821443656463,16.344674249134336,22.675940216147918
217,14.526362786519982,8.689380299848576,16.359774878025373,34.051724292029554
218,14.029272904341793,11.535314064121065,16.467739110038217,26.311400377031696
219,15.163748278772646,3.728300895452481,16.34393099127104,51.47829138542704
220,19.629317133347016,18.192112390435554,16.341364390027483,22.623705787812195
221,11.265469614816503,5.33600748413542,16.3226581786529,40.646400008049596
222,16.372520380749027,9.47118973795273,16.3897589332536,45.65534200557616
223,11.774568257620697,5.533170965266202,16.341818092692915,40.95880908512898
224,14.056136268421133,9.611999245054257,16.317309279572243,35.30702916504126
225,17.177901193934733,12.567363293135012,16.41375993266325,29.281709097095696
226,15.128560038190926,9.997125622253598,16.416414433017714,31.02861400124783
227,12.844510444141388,8.285516449026854,16.313699324715508,40.3660825167124
228,13.569392581480063,5.677755231095334,16.24672718375678,44.680019720296116
229,16.35919549786935,4.727626493095297,16.38655989998946,48.06804041266039
230,13.539266736565727,10.211742091589228,16.304104746389513,29.565501561123547
231,15.43291717916395,14.542326117901183,16.377085984427506,16.652142756968647
232,15.091143679807628,10.355989824861393,16.235127232186937,29.116045616470277
233,13.696799304788366,0.9576712918254096,16.372260302908487,60.03535146162453
234,19.28788817865065,16.69891188255984,16.27014691538792,23.775674737169286
235,16.267838044636022,6.350487628303821,16.361579530745164,45.782099938769804
236,10.949714826684787,0.9166123844554654,16.323697102170705,50.103424750434634
237,15.372908629538856,12.03367335466284,16.27663341139273,25.40385720974057
238,13.676427070463223,6.969477832907398,16.300294709734885,39.33745084901707
239,16.704866669592448,6.8196768002068335,16.35137332791314,49.45995742632451
240,13.4149585231346,9.55234174609706,16.323363414267245,32.78773016361133
241,14.770527117066202,10.381268197373288,16.34502601956378,48.12053311771967
242,16.009974557960913,12.755017299806845,16.4131945505967,23.166918221917157
243,16.731510388340244,14.775780580418845,16.234810054510486,34.2051022652622
244,12.599407185888447,9.547239821086468,16.391334545066034,30.240326042621636
245,14.330997528318104,13.002818328604874,16.314553707276307,31.515959173609836
246,14.050109377678087,8.94785897290041,16.260509672381456,37.411036568051586
247,13.693341534852577,11.003261228028503,16.238139278559636,26.714379628098165
248,18.530908480562193,12.82955074518995,16.29169330159346,37.547697433041186
249,15.80996342192191,15.477650360532792,16.347916349065528,16.375118865786803
250,12.47823209132991,6.485591394686538,16.2906262236328,40.00151889614371
251,16.835723894109552,9.335137009282779,16.369807453069956,41.491966099606174
252,19.244312394025265,20.225519321739633,16.223931818961276,26.230886987786775
253,17.064930521102294,10.942760811559577,16.290334467752928,42.53493104452119
254,11.961260068091974,3.2782530906720986,16.225038824290635,44.20411315588831
255,14.031531854267497,12.660454910341112,16.307496055659286,28.48260098684415
256,17.533822298373245,7.516105137860135,16.32733551092461,40.630092637719756
257,13.584661068762438,7.327604040664303,16.2618333818019,33.95301023795102
258,15.887638856292456,13.002674423567683,16.15234682495228,36.7036019663362
259,16.549268106858673,11.716575339831792,16.289531060956314,41.84706256258365
260,13.146139056843834,6.471158319278667,16.298499437217895,37.159409293570064
261,14.8809492878764,9.652933113639165,16.29560072966097,35.68604608474084
262,8.517465319861856,1.9011973425227477,16.33448097560244,33.709464079709385
263,12.95122471733142,10.71324549656952,16.21932832640717,35.339742667861024
264,14.49486369721368,8.986781225105446,16.30325676403647,39.343249062675355
265,12.504433636070301,11.745577126785243,16.329245947369255,36.22380020088886
266,18.26482260786327,13.59850079190937,16.176737459891697,29.941028246009104
267,12.139717244078735,9.851440168473104,16.280838452758147,27.686514656120178
268,14.119911026606033,11.326500854375332,16.2373943033635,31.744049957089263
269,15.261481154572182,6.5532016289408705,16.253569726582104,45.649006739891476
270,17.88254657813223,9.608616216349425,16.27324685899603,40.46952253582745
271,12.128275697641122,5.300861334919591,16.23022486461296,34.29002327317456
272,17.32632750430992,15.603265798327655,16.22135306518893,32.85316105658238
273,15.020466122039174,10.96969147112358,16.253682233548947,36.70722611455909
274,13.036982697904097,4.397689597966547,16.193318056506893,37.69721569705648
275,15.92420694852654,10.499056207606827,16.19299616818528,42.62751548736691
276,15.39811939114694,3.440130771201858,16.275989669837852,54.766970785873184
277,13.79956624568241,7.619612727499295,16.185470321482978,38.031389522605195
278,15.139604169980037,9.563456820509943,16.274527551370724,36.55028401082037
279,14.22937280627648,10.156722198883983,16.263093239339003,35.91559007036453
280,15.227034690502496,9.826411976155649,16.1510093522033,31.492730077412403
281,16.324261349042093,11.781670858183725,16.20185047213779,34.23533837753715
282,18.172033632290706,11.047707602224936,16.292143307137337,28.48673433708564
283,12.524369002346301,4.654262051962549,16.181006669967825,45.12249212828218
284,19.266066749312532,16.624035130836383,16.20745877107529,22.476597124743
285,11.095824400954996,10.08952326162833,16.25259989409293,34.529701420798325
286,14.696429809928834,15.205045929238723,16.267423833523786,22.332167291547968
287,16.176634412969154,9.652660432231523,16.210161068707404,36.989613051819376
288,15.561983735470065,13.872083553991686,16.193279540174682,25.24113083253423
289,13.754600960358813,15.213272739216261,16.293847828974354,20.64246207267472
290,14.58375549928545,8.418019685692558,16.303862115283085,44.42412835292597
291,14.013998130682335,1.5349995783839638,16.26070340326294,37.51895382192134
292,13.821270486111576,8.839483220731257,16.21777501349556,41.348401461201576
293,16.69920419404205,9.183731870687124,16.16982897775628,41.72106205221839
294,15.714030971930095,10.4685428962874,16.16785503563435,29.455867911999313
295,13.614180809478691,8.91084976905212,16.233774039743075,29.030100115606952
296,16.799199750866503,9.041970301903197,16.225041296319954,48.896424033967634
297,15.614599041753218,11.485422674319171,16.274015341463603,28.53081833515444
298,16.62572423767792,10.823547295462213,16.2336214161557,30.837601331451623
299,16.259257683847224,10.294164265259184,16.123863438202715,42.616759548999724
300,13.342009978155856,10.346281339085003,16.251099516566608,32.68422165957128
301,13.879637919606061,5.903510870996493,16.144108905109977,36.26262621453714
302,16.494587210246525,12.019466480332751,16.17456387603743,35.03336633685065
303,16.22074053086693,13.487976009345465,16.205143628051825,25.336765624841544
304,14.958196812071703,8.348667281360493,16.288478609723843,43.72316605353545
305,15.234654766617563,12.930058711990675,16.344343629772954,34.91604693361944
306,17.55532979157685,12.470786319469465,16.21579388122076,37.82911793832449
307,13.81685722232834,8.844214212260951,16.174353847558944,36.75359132636986
308,16.094194762340077,7.836508064845344,16.20659643907528,50.32131401932634
309,14.595614695132213,8.171519996492353,16.223170723944374,37.846621034220846
310,14.564637593545559,9.639718469780991,16.161504159160256,28.940467620425128
311,17.19755370397438,9.744254806373517,16.264033918346815,42.15396735936326
312,16.65083269797606,7.480210050924121,16.182918226636044,53.77148054178945
313,16.627019272001277,9.95358835294569,16.195550438995042,33.27306437218191
314,17.61095761430866,12.579899754778518,16.20278068367296,33.25480188559035
315,15.042007683265519,13.977516380315997,16.19054708487925,29.211212796406308
316,16.363905942589927,14.559246931816045,16.209044695518095,28.33979377651907
317,14.379466486813088,10.29514059987709,16.133095177729185,28.257133871985424
318,15.648332704976884,12.476869311454733,16.13449918060594,36.952216068196655
319,14.73971389126463,10.300627800220969,16.10477274530589,45.47837579217362
320,15.193991929985437,10.024042155294115,16.179390086643668,36.32055684450218
321,16.190314050873827,9.601235787803635,16.193652286044074,33.657815077460384
322,13.363558633533055,8.57505496771033,16.176494391474687,26.832204706378075
323,19.18477455137092,12.725269619892316,16.234494869201637,39.20888976906312
324,12.987965237000596,7.7945419925702355,16.149123487436334,40.90623320544201
325,12.571622774424537,13.49802247348615,16.183900282629157,25.52303933435368
326,17.316221747000135,15.134227928456397,16.09232395928376,29.351968432493205
327,16.58332538792587,12.015588055090717,16.124361146209864,31.189116406723777
328,16.24823963410431,14.87732386262763,16.178091429992552,22.281013379362907
329,16.25669101852856,9.456904828539948,16.181055212442164,42.77332901160163
330,14.97550645430617,5.383253957275079,16.120505526368277,48.753363100990114
331,13.205491257028337,4.549205701936387,16.130091894629555,34.58392217673023
332,15.151609116387453,10.791937729178077,16.057926476972355,41.66853766532218
333,13.645676576975777,4.173498166425922,16.111412450754397,46.814712925569715
334,16.9502394668355,11.504237095229167,16.17379615699019,42.889977968941636
335,14.705885236995723,10.717143150349841,16.156765879762002,26.266845430866187
336,13.349005606414977,10.189213597037796,16.151453390064372,24.49046324167717
337,14.357228316694012,10.264637376158397,16.12644238888878,32.440335332234746
338,15.82586290855125,11.990393364174935,16.12243542315922,35.184861223228594
339,13.87255089439205,8.361302227265588,16.086228318692765,45.004301448887745
340,13.355559208867136,7.873837265717543,16.152200560038555,39.49383845537484
341,15.487374422983825,10.478236362523582,16.136544078189242,33.80486973686032
342,15.489933142217446,9.179118632978396,16.13744553514502,32.48978298014864
343,13.98611364925774,5.414174824898717,16.08341228845444,48.2938805123138
344,14.057923388763355,6.209260982439384,16.000408522803276,35.87379768389437
345,15.464099874715272,14.918793780064982,16.164584982540358,34.232954963162186
346,12.103831317005351,14.765594721711215,16.08538900890193,18.254549942555727
347,12.185072451246889,4.3821127175290675,16.058959731930987,48.55882983052489
348,13.563111557495128,12.663747652741392,16.138224263643323,30.193384259803864
349,14.573105696576306,10.247401902254357,16.080236516106883,32.96643014143161
350,15.621815131196009,14.132154209374086,16.152251988741423,25.382339984513212
351,17.950712433899103,18.35665374663916,16.129053268135205,22.483577987789484
352,16.71531924640404,10.090931061789675,16.12686627206772,40.39035983110492
353,14.680122940073145,7.402657459165205,16.02206348169952,39.94071344290447
354,14.961967584194623,11.691498786374781,16.15096196487041,28.571880555296158
355,12.994941270724382,15.768068147159113,16.10444908999991,18.62558919554238
356,14.96297372801522,11.601707072772667,16.06785550971007,32.11541845908086
357,14.422682722159724,8.247270705952085,16.090081717359013,26.70715356034122
358,15.64543712067618,15.082171826998566,15.994906605708245,28.41737116129872
359,13.345538112895355,7.795458353557888,16.099657600694364,31.201553395090897
360,16.038693028482346,11.084622576001333,16.026054389364656,29.1414788889333
361,18.065477826005157,11.327603327201892,16.006997548458422,30.03902726205298
362,14.782479703086285,9.423738597843826,15.997202670136486,26.748019721145468
363,15.803423444197882,13.722630266842549,16.12859402216082,22.384348839149222
364,16.380287983422225,7.790573478428751,16.036241973062864,38.6343242218345
365,14.197559056228327,9.673147775309237,16.144424179855367,43.81511824947102
366,15.448184963620834,10.530098582150629,16.03875088365665,32.20677438346439
367,15.02518480156359,12.824988678783178,15.979532004058965,30.28914277690098
368,15.195352197097664,11.525198950672195,16.006338701379356,34.342713425382584
369,13.453980432289066,11.10838857436977,16.12261778507139,30.346509646917838
370,15.049020348517885,10.567858528288154,16.049964510193053,33.57510633682949
371,15.9959965824909,5.8608711420638695,16.025518072455256,39.29378206285784
372,17.902287215590082,17.01799064438415,16.063558763007038,34.023230883807926
373,16.918541652170415,16.75922584580064,16.079009478905192,34.35461483092898
374,19.306364915023114,9.892853932542288,16.10316318530388,35.41372849434822
375,13.4653048742239,9.093275905679498,16.120238947010375,28.623914982656906
376,16.744641273441356,13.751859489421106,16.028515176818537,29.58651185615547
377,15.366684011476703,7.246969949288474,15.975637758664803,36.4167391498255
378,19.379605866435345,16.196452485645935,16.021735165253443,33.89613452885814
379,13.383403429289697,2.905374288648888,16.049775010758825,42.314697269248555
380,13.320556315638449,6.286778701620642,15.988295164882459,49.89283556706863
381,13.801214709111957,10.264948933549064,15.988374321367465,38.025274522843766
382,10.752208551380386,0.0,16.047813289801805,47.56728725592185
383,13.948489956638477,10.765634725648493,16.02997595480598,36.500641778578625
384,13.481734676892604,6.255448560864682,16.030026706712565,44.982074353842386
385,15.300787572952416,9.40290983173294,15.989126294394389,33.976018042147736
386,15.683511951554319,6.778288083357925,16.012027352355616,38.72936151368296
387,18.752341678431772,9.067808088251216,15.974946075991493,44.75978249520935
388,16.900847676372102,11.804835229174802,16.065961914332643,39.50020551688432
389,13.846192688675194,11.106446299713744,16.07239259354171,31.174794771189987
390,13.203170657303284,6.8232542284859345,15.924500648673686,29.874850446679712
391,15.983838343013012,13.01698445226933,15.97004103004501,26.91958556173315
392,12.359533585958715,1.3193718433788462,15.935653456374208,46.71045916718785
393,18.662917531708707,13.253311538460494,15.97879400028303,35.440883964867275
394,17.358880241442574,13.4548448953789,16.005876083837453,42.67078157607639
395,14.061648695790591,8.507607778195865,15.934740718556277,29.178142123194462
396,11.573730941818244,10.615109810407333,15.961427698778028,29.445188472001195
397,17.707744748330825,15.622586863862779,15.954759552453693,36.61588131057754
398,14.770920309494764,6.169678585661488,16.01006274560803,53.559732174780535
399,17.47563262394692,14.44631546086111,16.003952558270274,29.036647210251818
400,11.811144682411266,9.951877630457084,15.96298348880716,31.175681367509362
401,13.801249954092455,7.191291696510596,16.00353606447818,41.06871830115695
402,15.010487399436366,6.453374935447375,15.964387439538642,43.09163358574443
403,15.093961187529484,7.937101255534284,15.976838814517698,38.81949385779387
404,14.099869057041513,6.111725999624063,16.07167853298622,43.156163062335125
405,16.245699864695,13.51608513040338,16.05565824522237,17.797999042484808
406,12.864759141234812,12.130191141460344,15.922653654153734,29.879483449862093
407,14.715241029957413,5.211240074090954,16.022734620416024,44.638891430042754
408,15.240591263423799,11.208630779950205,16.022553847482843,31.95154648305586
409,16.0288776681175,11.78137671748264,15.922463085087054,43.72931287986751
410,16.42322975617778,7.438647330630605,16.01644659097497,39.59449475714159
411,12.750715816324261,6.082025788122282,16.051562250906528,36.32200011107881
412,11.931771658528756,5.564108342283934,15.916688928029659,47.693093143513316
413,17.55535364379702,6.0603466090937665,15.922377355431935,43.82970754515722
414,15.664628023959184,12.595182715099613,16.021348350687745,28.388314203036447
415,13.503026926886893,5.719506542643181,15.97968300534916,39.831913651333174
416,18.102303951045045,12.93126457635379,15.99298829407463,39.54575116003026
417,15.231349268585717,9.425572431995946,15.980126572401732,37.650566209946106
418,17.358594368127655,7.77318908889006,15.978742093406789,37.707683822713875
419,15.135036962820218,8.611529693951347,15.892414639950012,35.38617172210179
420,19.121495849763974,12.506607612615076,16.0090584412125,35.19300430823674
421,18.510681684886407,10.293159672957,16.012370738615424,41.04893879774359
422,14.502071703041853,10.59692989167051,15.942577891890913,34.93950191589183
423,16.94314190190871,14.460770903925729,15.950584967010316,32.05577077540582
424,16.290751899170296,14.425179481233396,15.874511838663246,19.85108606563179
425,17.737263115064696,18.6363328831927,15.976162272684956,28.521565401548273
426,13.070153078839791,1.9015316890188245,15.971018561390798,48.60008700962505
427,16.372102919996877,14.681728017161927,15.942045261698619,35.30341004363943
428,17.116848973699177,12.780609844456492,15.998049548428906,35.89346989493873
429,11.482521027153771,7.312960926820533,15.923211358400836,38.84573498934529
430,12.63348297466845,6.711262881241147,15.965269186247967,39.177166744105236
431,10.9215356444798,3.4743240068619095,15.883293177246586,46.62555205624952
432,14.461186331110884,6.879765866031648,15.931031682223749,42.77409411024737
433,16.435084511591924,13.18431682729874,15.923656903262714,31.011959136371846
434,18.004714104192058,13.506079245551291,15.941016078672726,45.35944331951594
435,15.148189560839551,9.300449709374652,15.908599783632601,41.140665314329254
436,18.257231091142582,14.003304469693223,15.919299406905694,36.376575347920785
437,12.239797083570217,2.4177603555102394,15.962391340208045,38.26255137342827
438,11.593235121289691,5.120310266374937,15.898925325710634,31.50431162251182
439,14.888904602206763,7.68427124405731,15.838068828283992,40.87284412700817
440,15.768130897878615,8.779487091876376,16.003984873307267,39.70489360084568
441,14.934610503811815,6.41418893135584,15.982812493148298,38.97023031987037
442,10.865115799920247,5.322051123809126,15.848615332906665,36.791042850282544
443,14.821759920974424,13.712255764841963,15.947930638184195,35.162142952482895
444,12.391060998990294,6.19199714373237,15.883751729544803,40.87514008326734
445,16.339345097660075,13.293415779035563,15.921651396107242,25.386816088485332
446,15.733196492193697,12.319046537442969,15.921004131473302,31.27075577378674
447,13.120240427345289,6.361148371080009,15.890900063956053,34.49335170826775
448,13.972266165326612,5.257416951025705,15.86045429211353,40.49119884655901
449,12.881572956222097,7.817758226013912,15.864941040019085,33.059551132268155
450,14.874641805453656,8.948142767656766,15.85122715470704,34.46477016257376
451,16.910284641002477,6.803639807096763,15.851355567171527,38.93761280794445
452,13.028547907328912,7.306288368863207,15.8897799557283,35.806245669340456
453,16.00809303103569,3.2030436884945033,15.851809475873191,47.80706050084582
454,13.939484763255118,7.242955826360486,15.922754338817183,23.745814423777922
455,13.414254335475311,13.696542612942764,15.96450345190553,34.70028356757341
456,14.785939280090885,7.525914416777287,15.855367325499842,44.96389799771056
457,12.929515355161252,6.786040200512918,15.894898487449446,35.40544668467169
458,13.892701389305635,5.023443127057398,15.904549626384023,42.83261177319947
459,12.604244214822304,5.584700161012428,15.90209034151906,33.18081637103194
460,18.929450265832777,14.344818217784098,15.881505447371781,42.647878485151686
461,15.070527103943457,13.743421812811555,15.91447056827242,37.140654056129364
462,13.600548984014829,9.227618755872903,15.897925982519963,34.529329097516474
463,15.427959821468445,12.979521184096345,15.81089265956495,35.014530495670925
464,14.77534390061834,11.516914250032508,15.913828588394171,32.39329319584128
465,14.558060800933553,7.792325587671725,15.910981674256707,31.847843232144005
466,16.22833340008685,6.218619887032631,15.824830838034545,42.960310181290154
467,16.51501542009461,10.331000830625666,15.864804884477648,38.02766901279767
468,13.938997704778945,12.526646890884498,15.897460274233607,25.551963034071672
469,13.84836351871064,7.514555514050217,15.848367405018701,36.57434962214566
470,14.449896605696711,5.860002145759758,15.909353955158332,41.72279113232834
471,10.39615767052883,7.225506383486977,15.974608299087446,30.9369100847564
472,11.969617875602896,7.371669375621649,15.81440172411826,34.45718945244991
473,17.73374853488905,12.689683950701458,15.782425737550218,29.785103836392178
474,18.28993542700257,15.644630366249288,15.865868277249868,26.70552937586688
475,14.501927920887244,7.557086619355667,15.882605704605542,32.46676127456331
476,16.153113926111534,11.515958371934879,15.834138103530673,39.16338885678431
477,15.622500309087073,9.363902977365989,15.91553373450019,26.988959954240546
478,21.157761616910477,18.820238150316776,15.775900948280542,35.44299864977203
479,17.23914982286915,13.551524723839382,15.874802118602066,39.306997184373756
480,14.744164817038467,7.577020743555153,15.806123386925313,37.82338521205352
481,13.088919118799149,9.207418575074449,15.922028145038505,19.747315648312906
482,11.787107359484855,1.6062158057846396,15.930535321881557,43.55523029756398
483,15.406927271734446,11.605835828578254,15.793766624889257,32.281262079868284
484,13.487298509431394,7.813244332175736,15.801685116115944,31.295117254866753
485,12.155492580804651,4.357720085185381,15.869080508101181,38.019453022197325
486,13.706854231514948,12.961951430314043,15.808271016109925,34.14078159671857
487,12.83690399277121,13.119330428713539,15.823870652321359,27.75978293962405
488,18.374283270145128,17.951252213855412,15.825057905498978,21.22324154068893
489,16.7632795138989,7.975527203617354,15.721622466034976,34.587508772585934
490,14.984054717366766,11.639629155044105,15.817635899914128,30.053764536596464
491,17.959888277780053,5.285290420775295,15.77717631236829,49.281911817257324
492,15.154736615295237,11.847479411267402,15.789690230277998,34.09551034487225
493,13.277431597343472,7.723777687752362,15.883404773218645,33.43072425634392
494,18.046248154539313,8.419918296835686,15.744361490357187,46.81015759221656
495,16.077820087369318,5.05954142289195,15.845151120005161,56.71232752925588
496,12.925507691347088,1.7409969614378937,15.788459598118456,51.4465265720397
497,14.619322643832783,5.994223952053355,15.78769944222932,42.009754846905
498,13.248763493230486,5.176575915796098,15.839482501013869,40.228622799602306
499,12.234400538071327,5.4568196904677775,15.815613774304644,36.77179602430774
500,16.85235509506328,9.517271866563368,15.824863108246728,45.57337101926055
501,18.81883328094026,15.472390429925861,15.844736011601135,28.556318472272284
502,12.202864852361717,9.657461502628639,15.77816187916597,30.31692024446607
503,16.12593847338114,11.136061845613996,15.760893224960729,35.235742764939715
504,13.698714861756347,9.209268729331132,15.7354977506059,31.46997130079277
505,14.025749232470607,10.385433380452433,15.746909315575044,25.418303964615845
506,13.815212151522262,6.726049809152116,15.931910140094251,40.79319720282864
507,13.272018460640368,5.406102834928836,15.844301021223986,40.42681139214615
508,15.097043255889654,9.831822597014112,15.713813671360162,38.03164366493394
509,13.338099767177924,3.905509524012139,15.711160807041239,41.19717895413574
510,15.540913651559677,13.965980993960192,15.803305836757126,34.25397180926421
511,14.899523781101726,10.48050215894088,15.803153729057819,29.45417433826247
512,14.52210390626718,11.672570868075596,15.802019425246772,39.25926749647263
513,13.184872675916804,13.784482527135983,15.761552015247926,15.062597748420334
514,13.846457338863335,9.094499396391432,15.76335130802862,36.67776620772826
515,16.51078245165151,11.876024976801363,15.784076597470545,36.646668362333415
516,16.001834375248762,6.461485145522369,15.767524475699803,40.10291311974838
517,13.044889510402898,6.152454456738566,15.651588763835791,40.906839796633726
518,15.19866461085845,13.271225083846065,15.751546298707735,35.25247240282556
519,16.502774246743577,5.940496547741013,15.714148539437485,35.040461201234805
520,11.661189437757256,2.998088351181197,15.764429020402138,44.839926210606194
521,16.08672038475987,9.340427274354024,15.903889803574968,26.026232119161307
522,13.674752482108307,9.354204778657802,15.77221380942199,28.81277138928497
523,16.14119733718632,14.019515047356759,15.737262674546468,37.38919640416385
524,13.473481686914965,9.590102015128124,15.796148385262969,29.857849176613414
525,11.390235798670961,3.1239899395584025,15.770001271430905,35.663091896180255
526,11.744915124233675,1.0911562064298472,15.763677845063691,45.31782919068425
527,15.096169893322765,5.466439308506198,15.771527664368376,54.5989928604509
528,15.519445003442964,11.985993268801787,15.845060452374156,22.908492233252225
529,13.191366749791182,11.550219049658216,15.684635004383638,23.02574584206921
530,16.27718491755475,10.854526176821137,15.760970274470205,43.332475897365356
531,11.67695987546208,11.982277972150634,15.69183360254927,33.67787552431156
532,14.867840402705367,8.898337260151022,15.760790880745835,36.42185016365727
533,12.577967600475088,8.020775359371093,15.685787078305143,27.919120969574777
534,13.696327784395681,10.094437290000407,15.70933071407255,42.682998497836344
535,15.094797342632829,14.878906544433214,15.715137558889007,33.40399355514522
536,13.279173269432095,6.738372949722945,15.773520435807383,41.47633557822947
537,14.23088891154035,10.828991430526084,15.770221773456614,27.74178321734143
538,17.01258561842888,15.522336125559743,15.660969006431246,27.73535228154809
539,13.846216260953703,17.46300290079865,15.726555098869916,16.964626315085955
540,16.671384224130282,11.75392893928219,15.68206227962012,36.489167092774075
541,12.740586290684764,2.423831500675531,15.649916377071229,52.88851677067515
542,16.059608355830566,6.075830712186956,15.700157258656962,49.36464049297423
543,17.8831372413158,14.254426011074617,15.696761504962089,26.870542075558575
544,10.056710999745421,6.863347180830763,15.831739142407818,38.269209887927005
545,13.406209489059046,6.999886720833975,15.728444829883923,39.37830623651592
546,16.15414425436108,14.149300571925952,15.63811670312107,32.445016344164834
547,14.593909227914015,8.688533528455617,15.674808611941724,44.14345569530981
548,15.742291746742618,8.444050911588548,15.751420044353893,34.03858042274038
549,13.79202962656836,5.111229954915435,15.80208173880767,42.18247144977353
550,15.1731795749458,10.47364180438566,15.618351065502823,31.741802784324207
551,14.68864552921584,10.299666779746737,15.601809291368314,25.938660372110927
552,17.335564123319614,14.969511883589297,15.788365232648726,31.465654367485232
553,15.508841686602427,12.989482748722008,15.712221029399606,42.59650063368296
554,15.675205324150404,11.354641999854984,15.646425081744034,24.440737926062077
555,14.176246067755065,8.07414954730653,15.7136804060459,37.04278998564972
556,14.024787551855013,6.284033673155265,15.552342236109807,43.68422243277337
557,14.134883624360759,11.544420476401793,15.684873543755877,30.796317304198837
558,15.788904284756594,6.3108385778780285,15.695652025788716,43.39049115117842
559,14.158031038359475,9.971401841487182,15.726120192378456,26.877176576515463
560,15.579549713792826,10.643651596838135,15.626837253326896,36.0357299486102
561,19.15080159729088,16.39243663473435,15.68090517558889,26.73291004003343
562,16.742249406863383,19.01497018768221,15.63086512908743,9.50494991346958
563,14.347952935664317,6.695816746581167,15.682943119689176,46.27723348073495
564,17.40242784432789,10.191896153050589,15.623627418036211,44.212992481764815
565,14.183849253956897,10.027831925311537,15.647516949377666,33.57033954154612
566,10.923750929644292,5.722778777969676,15.615608744184653,36.54731774437775
567,12.983827378165191,6.436009725052893,15.695282903264628,43.46722536980241
568,11.25841615794829,10.946053728607918,15.706766374618164,26.746423142571157
569,14.296973031917382,10.884131063956266,15.64856255051815,36.34577170972881
570,15.036836758379103,7.654042719513622,15.65822050272857,38.27817707336171
571,18.352874624550566,17.115742894058315,15.584951863403079,34.03418215385423
572,15.653854747528325,9.773180951028436,15.63807583070141,38.3652762226632
573,14.561798942382271,13.631544356252487,15.651024641854848,27.83076889028894
574,16.658811162366977,10.259521215066398,15.77984000957785,31.448274451040998
575,10.57772938198423,5.684653828876681,15.59195511093474,36.22093037772364
576,15.471229116217131,15.31662456393366,15.72113155966148,21.149434517094686
577,16.541730387773935,8.04751232440242,15.691595829641605,38.79702249410056
578,12.042827508440316,9.246602238834464,15.656633707589704,26.515572397631097
579,17.287508086413858,14.718265397457001,15.72864640286528,24.80731071841759
580,15.676992814988829,10.075285223296,15.655804419834496,46.82727219847047
581,14.169424172198397,5.723512123912251,15.653235003759255,48.54851940651431
582,16.26556373221257,14.31302918914776,15.632367700077591,38.506906596850925
583,19.54138571560879,14.356346166064874,15.69258592434616,29.25560400131001
584,15.363732510116991,9.077283009125273,15.68368023694005,37.9291677515379
585,15.496441172600672,8.417124350811239,15.595176477214295,32.69109551755839
586,14.081278200919511,8.551953535087836,15.559272977937145,32.58017494567803
587,13.300311261070416,9.401394778320382,15.613901509888843,28.207198048417194
588,16.66067163308849,14.14344229503465,15.582739457111092,36.232378708315494
589,13.287832348182265,8.02940069904314,15.616194555444663,33.535714907769446
590,15.143132474438785,13.359549510395606,15.680980115252186,33.90906259655644
591,14.044685106469768,17.80873655695359,15.597016942970903,20.492501546974943
592,15.957959651492784,9.64828023901978,15.610703991228185,49.13755258546995
593,15.667324210573897,7.955519687315311,15.613045234478792,33.02638793081855
594,17.0750798885158,19.163877195141314,15.655465942763577,27.118571585682965
595,13.979967202290506,12.00915931642032,15.496670129357836,34.67382012374401
596,14.460250129413257,7.602787346397664,15.574236253870227,33.848031375896014
597,13.042472568435386,1.8699861593002893,15.61097794140941,52.38063950063599
598,14.111413479847776,9.049032356821552,15.661472757259832,36.80548706118359
599,15.754600986089704,12.938609809777107,15.575996882036534,29.494601052858155
600,16.513977233290703,12.062666556605222,15.503946709359564,29.782943918510963
601,13.155669351644748,4.031040094200195,15.624423257669585,39.65371125764318
602,16.739211840211322,13.677104377584929,15.562700826827406,41.373275404182415
603,17.7112757176099,15.108851737560663,15.533215455055458,30.20826205488589
604,15.826869806447402,12.2751003729935,15.559006845797612,36.0141888745651
605,18.753591625116133,16.61357744989227,15.579703725029594,25.325531442109963
606,13.452421601792853,8.084410653808465,15.555078761299098,31.836757164860582
607,12.510690593377166,2.6366552179684852,15.470784679457344,50.157994797067076
608,11.442559502191443,5.4733216828433555,15.625868690934684,30.190594580938516
609,17.992088622978365,13.749149129357228,15.643622282317125,31.409810147715916
610,16.308731312708115,12.184165119454747,15.610513816470348,33.4192694418679
611,14.88883065817909,14.578403084269063,15.520960502691805,26.17771815702032
612,15.55993725263964,7.910607921198164,15.562100758636904,39.40319223780217
613,12.749021905403247,7.982533496441652,15.571290690034049,36.5120757234028
614,19.891503959233653,15.43294370000553,15.599710439348483,37.3813992975453
615,15.258442363950454,0.6791196604158714,15.596127363084136,57.831833134365816
616,15.218789589209786,9.322530864112728,15.528343180698528,31.863498406854983
617,16.451533247797386,13.706906398082939,15.56872746439582,29.068478209784907
618,15.962018463473427,12.241091252090058,15.58500355662507,38.41566873215143
619,15.447768048558263,7.002430920967999,15.630568447543544,46.36391019304989
620,13.419051089109375,8.079239857496082,15.59255542137543,28.815325205821267
621,15.942936714271992,15.257770649224092,15.597110251336252,28.127731631856808
622,18.764048992950066,11.006362189224456,15.556312487994607,30.62424736057717
623,17.690840092309955,14.695272348926936,15.623025173388484,31.225809997067884
624,18.186373253278795,7.566479924626158,15.56717819313365,55.728621741035155
625,13.97756864713763,5.737424449993686,15.50282553239275,36.74082480794296
626,13.020790359482838,9.362756046459092,15.616339481349748,28.144453398589583
627,14.748426159800704,5.905377074595366,15.57647363908435,46.506247078274974
628,15.11144982457739,9.90788329299518,15.519246015677787,27.693125487116188
629,17.188383036941897,9.630062011575237,15.514246191117355,36.95286690130813
630,11.615070740570362,5.160872288686937,15.551601678031098,40.890602591675616
631,18.059100638921226,15.598170603893847,15.559928774745865,26.750430831607744
632,14.683984202842021,11.614633699794407,15.544329938030039,29.95885107004037
633,14.14623786010516,6.056355407361675,15.545520492445773,44.90069345706215
634,12.975791249479665,8.980117245799287,15.615000031726979,35.09907842504356
635,11.690286656268462,7.901232045994452,15.58168263030661,33.91220120202503
636,16.64634116792383,14.511708905971888,15.536464463432274,27.573653127553687
637,15.146635934376807,8.875838737596425,15.569930130439984,39.39189996990554
638,12.420078200517892,1.2325034427884578,15.466780017444758,46.75648611496008
639,12.409842455872768,10.612441198635587,15.540997651868722,30.883830564103288
640,14.328430601419743,9.255772231401469,15.607928988301648,32.66065661444666
641,18.338043050578786,9.101381384332498,15.502479374397259,42.56047846059487
642,14.48081729727279,9.719741471009936,15.471237765655914,29.572362689765637
643,11.993714093763788,5.6365987050145865,15.478216997875974,37.539192727467224
644,14.50851387182811,12.69569445626875,15.456611938425102,24.570634512974497
645,14.45455286050466,8.169631568881712,15.467619443947804,31.99961033243593
646,9.606226714116858,5.1676595091305035,15.487255311468006,35.17044014924965
647,14.891410266964376,6.934220279924787,15.43174305404755,41.97807885336748
648,14.538130939582643,5.9759727848883895,15.500499837620133,46.03868498413137
649,16.392412729626837,3.623721803570996,15.540729513226305,48.381754004236186
650,18.69791218989069,11.959012670249964,15.451242741232834,40.51806327346523
651,17.253130059095515,11.275741109349015,15.570975501707217,39.70876576086131
652,14.462222618890339,8.87906971415833,15.518748027974015,38.390174848621996
653,12.78694818251666,8.846447060948725,15.543558778720419,28.75273382912516
654,20.146719606499722,14.13126807611465,15.456100546542201,37.77772047212609
655,15.118436868028976,11.004641098446065,15.530669363468538,35.04829301943913
656,15.027858583825893,9.52247565501705,15.43065061351583,36.046658192157395
657,14.951749825779993,5.9989572189561144,15.526035978738415,32.473196921792336
658,15.39616952153571,13.415797217374632,15.491601780837597,29.763192728189555
659,14.711279176152114,6.291643492764978,15.505452743157546,52.90192656376048
660,13.852675986239527,4.901330784219931,15.416744597117747,41.10249406025427
661,13.906282117519215,9.260487698492451,15.430923610676658,30.65120334877692
662,14.934493459568003,16.300058156593785,15.506544193261183,24.135613404505428
663,13.91315045773247,10.736616419015768,15.424994332769433,32.91495912976626
664,13.57430843464567,4.683324794962344,15.490714822785115,48.745643106448725
665,15.212860455383794,10.28146464228044,15.399177411770438,28.57345084666227
666,14.49004556515829,12.487952262043024,15.509407663981776,32.661087869105494
667,18.007985977165376,14.522310740850028,15.402630996643417,34.923460778888014
668,9.698060383213976,2.176200303700317,15.48785406684422,39.33298747432459
669,17.183013703844924,10.542812999240788,15.489961446329996,39.97383799881672
670,17.49217038499526,13.208966682504341,15.423019807227275,38.71369481297362
671,10.853219535183701,6.953692770627764,15.485151564971959,37.16063042925413
672,14.314624811839302,10.489899258970768,15.467109750390245,26.934354545368425
673,14.257118268008417,12.024348821503924,15.425941522467111,33.56632982678641
674,12.184976610564357,2.338849542156032,15.396649202261987,44.368811111654054
675,13.44436662481825,9.411328032452268,15.34985219612019,33.43044767480954
676,12.778848309068342,4.127372746591853,15.461156764583746,42.668936079961455
677,18.504540886847245,8.94059273107989,15.362977887354015,43.37668136754341
678,16.87135678629492,8.87642409185104,15.444769743624844,46.94840287442308
679,17.54311018998832,13.837971128142463,15.426975019664965,31.99168832444565
680,16.44334412808647,10.232153857076641,15.470851543636407,31.82464990010381
681,12.741896457565542,7.81448327673829,15.420434018435094,32.88717708180586
682,13.950959467440452,11.662065049630836,15.418383163473742,30.471262419671607
683,15.978749122455836,10.005671277291027,15.467606996291833,43.09222961181487
684,12.555744382216108,11.092863755695516,15.448021461140947,30.941234677785353
685,16.425996860344775,7.862958694960083,15.441526278776447,37.873399937034165
686,14.51934920368373,10.91320109557891,15.449660305436375,44.63824579960409
687,14.250358384900805,8.646879417282287,15.346419654355836,37.530834490126935
688,16.421919936406983,10.572056321768557,15.45891450219203,43.07668091927192
689,15.88852662297208,11.665241544084312,15.450511797161237,32.68799798988939
690,14.27806766836184,7.517986263936017,15.365785802868961,41.186959032378894
691,17.318659606728495,13.743370576596067,15.404008331801226,36.34792058285688
692,12.837873344800204,5.223981452428472,15.410227689672432,46.31875734351475
693,16.231871213888528,15.269810254628773,15.406794130300284,32.210963445410634
694,16.186202515936767,10.807063777297532,15.426003428959108,40.11926247764336
695,14.380907121372019,3.5641201241971636,15.476159945592972,45.05814033837917
696,15.652266044484236,13.65326001830096,15.461088833370551,26.139281842586243
697,12.497772847229394,9.531007758803948,15.338905657784217,32.59656772847188
698,16.848054038413803,10.306330489437059,15.431832637740813,42.74908745965884
699,14.630195727114021,9.091450381295228,15.46567729330386,34.96388718775455
700,13.95455395896192,7.902663661141243,15.41631448088555,42.42964042421329
701,17.098018451673777,10.630457061230786,15.449315240564076,45.19820650831688
702,13.59131261891448,6.687148213229171,15.493161440082195,34.226724216003525
703,12.183077407272881,3.8539778814042105,15.441020927542414,37.473595532755944
704,11.886741652952193,5.657285682166655,15.401350701796694,36.757036647044394
705,16.212019902691278,11.935792866546905,15.440116310186166,35.09051741323473
706,12.439141295007435,5.421420191399241,15.391735531103041,36.412607138381134
707,18.509588363968728,7.809942559283082,15.381845329261907,53.16030500370701
708,10.836141184232556,6.234042423380276,15.364128238833887,36.32453182929682
709,18.392912736580076,16.316500650592,15.459132461898614,29.350059413179846
710,15.422034934405238,7.100792926544319,15.33491794569897,34.4629363963792
711,14.806573776259215,10.167717268120011,15.452298957979835,27.698633934140872
712,13.910161826382101,15.428170464424209,15.40175221050604,23.369028975324817
713,15.798272228704143,8.256007197252877,15.300263558744179,29.42155193212835
714,14.924730595150303,11.530715153012071,15.388685456928503,36.85121793249682
715,17.206603764033044,12.478203610945528,15.262634474540876,33.66603108431343
716,15.228455297324079,9.232514305617034,15.396277430345698,53.20734683138775
717,15.300603522923755,9.729104483586555,15.407475824629783,47.68257933175495
718,14.272775575572288,7.14442012415517,15.33081802449169,38.349465556596655
719,14.886108752557865,11.192567864267396,15.366330614353634,31.855396763924364
720,15.615603537784118,9.07628614325587,15.454438212990253,43.05654235906664
721,11.579663214686748,7.3583032474385,15.33060198480328,41.95858298408668
722,12.303629155788574,5.087197713126065,15.299446404925842,31.242717598144935
723,16.48652818804543,9.64042573600627,15.424660118897112,29.76032757730489
724,15.341730876255884,13.148046982389669,15.449032517579607,26.27719375996052
725,14.632033327294641,6.374086978769544,15.34605581041813,44.429580612919516
726,15.036867866130786,11.64475820147293,15.39687709693809,34.2685872818537
727,15.695163410723342,8.270990015879907,15.409361709079123,45.197204064606126
728,13.920480639381276,7.818618699177255,15.30382485740298,31.2052362385815
729,13.443390549195374,2.9288395188100065,15.312477432716413,34.44838274592635
730,15.391690510195364,11.06208845731092,15.399378924631295,37.94927508227961
731,13.043254444769936,9.091204833124529,15.420274689129604,28.76311785846464
732,15.816505511428943,10.874764329092141,15.36167317241755,24.791043042730415
733,11.594832791524318,7.504372140027145,15.28796405199915,33.90624003279125
734,17.058311274651288,9.658485568825139,15.42765314273206,43.765529852745686
735,15.945194964826086,15.79412679013585,15.303375921022056,24.691850688774085
736,15.51205946862775,13.673106726066813,15.310323634570148,26.38866355420943
737,16.965381967891027,15.168790732628606,15.34221859610685,27.79637130979531
738,18.330948888925153,10.480026113004426,15.39778255964778,38.84893173983754
739,17.02874013003626,6.8969000122904855,15.359632878768739,38.523444675790714
740,11.31825153733671,6.631599192949125,15.338399948845902,30.799901303823013
741,12.440846066528596,7.947311236098629,15.338917659090692,36.59346918592901
742,13.750362844608642,8.540206355269097,15.315570655187503,37.02870568556159
743,15.052182100421668,6.5665471925970955,15.337664158272013,42.811568845483244
744,16.035318040938247,13.817377443509969,15.184413025816571,24.46013878558966
745,13.548512373693068,7.833405425488713,15.292312073572408,35.522698085730376
746,15.373533528954157,7.447940639606868,15.316103300301165,29.965860546480304
747,13.489234135293355,6.985951625473819,15.245197654564116,38.89894833906602
748,13.776964394016103,8.208219544219872,15.32053179346568,43.281778238660294
749,12.186677806303555,4.183539528602131,15.287774869811845,33.635615895192316
750,13.153533507778192,16.263230386775902,15.389328633355275,15.850967875415805
751,12.296630788767333,5.26300483017461,15.373134173281446,40.712785810736094
752,13.048253494045335,10.010480543427606,15.271190835068785,37.339759073372875
753,17.10728359321568,17.59918228378505,15.286704063766951,21.77507953736051
754,13.101202222336115,6.5675944237611725,15.285035817820296,34.6059639508204
755,20.26476412967478,11.143788494185907,15.262856538374274,33.39733555889733
756,15.986635801761778,11.398981345644854,15.295457421973348,34.69249955877438
757,15.369672247389747,7.511048605780931,15.244156584734817,50.92762748393635
758,13.283284439637573,3.4464496656716364,15.222550815866141,46.06046185775526
759,16.40061975881798,7.45587639806584,15.308663189514636,42.77809182558572
760,13.848724347524453,3.9288307594102747,15.306516532417033,46.450198730063285
761,15.244019629290722,8.017637156075047,15.234171020780392,39.39730492668834
762,20.12016907653759,14.893868159832811,15.318154621079778,31.387529972108908
763,14.8078802005507,14.613777636242206,15.24232406225958,29.504604707005516
764,17.298546652571353,13.036734116961199,15.282527355634095,34.65243268677908
765,13.593647149748225,11.1233869356968,15.3097820705236,30.02858668777114
766,14.930023019006077,3.417194866512636,15.260562957688569,43.14882616859563
767,18.54160127127102,14.069258708568029,15.286500874325705,40.462224785079776
768,13.746065884424466,8.376451464071009,15.235493710595446,39.06274256737247
769,18.624897115993857,11.970440987872454,15.248849442764534,35.5443080694063
770,16.41550387091095,11.284696531793589,15.247141624786426,40.27073894664441
771,13.875066448211465,3.7899133269192067,15.215628506112344,42.68245205065848
772,16.264815478111043,13.132763563314398,15.245595265886813,27.354086367038104
773,16.94510889925346,11.36128653354173,15.173777173873958,32.369129144022025
774,16.24361992443439,13.471031681528537,15.226056018521442,21.689833720371254
775,11.859550560219088,10.819618093881205,15.235236259098349,29.437576834766794
776,13.545725648350263,10.381032921066119,15.23360866601159,22.17366106287654
777,14.50496272889699,9.616073120042227,15.231480682902035,28.635560061380712
778,14.851133141799908,11.139039815351687,15.23905574334377,22.046246607503775
779,16.241344195101355,13.318607134722923,15.264510707374116,30.4151256568024
780,15.355402001866508,14.574354392882011,15.283335329902133,25.810492916609636
781,12.329311282579798,7.578628000465883,15.20313639701653,32.86788549829601
782,15.760395702011927,15.274556824104934,15.17559703779159,20.758789282461102
783,16.221171490567645,8.941003599498838,15.17825769544231,33.69916701495441
784,16.11958089586208,10.872261637058568,15.205016194310852,37.81648783533989
785,17.161561451109243,16.534215949504034,15.212090261358371,23.50193134466798
786,16.66784430909781,12.595471540247399,15.187464010305703,34.72653714538154
787,15.918360158456874,13.174829375228624,15.159822401395893,26.060818135835387
788,14.859668577082706,8.902145045825165,15.198215196860662,37.82036077637049
789,11.678078132968018,2.656726794898585,15.226560655336664,49.55909286271918
790,15.859236438265171,16.484753847202406,15.250064231996248,26.67979418408945
791,15.415375374326223,10.07029713688397,15.187456308225862,33.6280873838021
792,15.543157674390747,11.023556061090668,15.19309030808618,35.3251980783798
793,12.446502848359382,5.432482619007985,15.164158074442959,37.824714586051726
794,12.837886919183475,7.198297034470408,15.207608246538905,36.31858069289977
795,17.106305706665808,14.362213701882265,15.16620652228807,28.860128748824568
796,14.92088969228669,10.878051499286544,15.23463497156556,32.264000356573334
797,16.36300139474525,13.751078965155717,15.115400714188501,31.284311624549943
798,15.056636752260923,6.828615336465129,15.181904505669479,36.48924933368183
799,15.059512278991491,9.995577332975664,15.214523399486579,30.04847575708176
800,16.876567611951995,6.172995554692973,15.203839939787496,39.46443134536199
801,13.967910543565253,9.149892985009116,15.330242674419747,26.634679594593724
802,15.192241553881967,12.317461854613356,15.212052611378763,24.663145937434827
803,14.075449422589916,13.616592600428397,15.14356784174682,26.71502617834368
804,14.131007545135368,14.540426573903204,15.18743149715993,19.71722436500491
805,14.381655753062722,14.134063582079191,15.101063887241187,28.06325666312254
806,15.444267543267426,9.642887590232975,15.181069322558645,36.77632864983171
807,14.042502756673045,7.516327686983243,15.141084109615116,28.209829072189336
808,17.511512251147042,17.255084357243444,15.229641299831059,28.787733708915646
809,13.210785395560992,5.525670453332645,15.15068042879911,44.42422311241524
810,14.626256711677282,11.075439866727601,15.172386295787762,27.132320315725096
811,14.12053788345165,8.680158847495,15.143501918411802,37.98171578638826
812,17.893955768707464,8.057293883941192,15.258024236650284,40.39083258248655
813,15.39310955302315,7.702591605426554,15.154092602720306,40.86938777893487
814,17.06368907893727,12.869281022654766,15.26153064814582,27.066324077790178
815,12.028879253926057,9.702455930171919,15.209544376444036,20.687314384835393
816,15.534100531738517,16.98954673572643,15.192831059468764,20.175021643959326
817,16.779261591246875,13.936721548974136,15.18301538734474,30.066435353171297
818,15.16456797855085,10.797958695033932,15.181506560269057,31.744820098960815
819,17.130960750130704,15.092499331584257,15.064597140323446,23.156770045980096
820,13.965423099799256,9.35919400107617,15.143752715743101,32.212962886790486
821,17.81869488037116,12.588139231494857,15.19764262073478,36.80758506065628
822,19.5977962472385,15.272364192662735,15.151392424799008,33.42639895853884
823,14.274322879120682,11.224330621591061,15.082215511531055,32.01248966805531
824,14.108994957198457,8.603030941298274,15.146626795463177,32.6613520295292
825,17.906768954235403,11.580947005527175,15.23204236483842,43.51023347099725
826,18.159144291461423,16.430341523789963,15.2094801843929,22.57673885256902
827,13.954279945693463,4.721482806454652,15.13828340096208,45.90339576391121
828,14.159626365808286,9.455390762661072,15.189220346051332,40.31792667109424
829,14.436430782278986,9.379881913444443,15.121146374547182,37.51763820141356
830,12.311098977931445,5.186455708161774,15.05124409902378,38.236665404215195
831,13.162696107031604,7.463047713241099,15.088926876396627,33.75781155426611
832,12.991718466495865,5.13230856475613,15.21021473347454,45.89925805871075
833,13.464404869791743,7.60303237418627,15.117369659660733,29.60787036490258
834,14.930630225226437,11.767942349147752,15.118249457093212,26.47475445025915
835,15.468429465073042,9.383918889454737,15.111965834898447,35.181232323778005
836,18.101000985628154,16.532179607590137,15.222422418789632,34.325911543636025
837,13.003291918522418,7.677612801192849,15.20463510620944,37.55019641486362
838,16.968644796953168,12.068334768886551,15.232488856658374,29.960391263582007
839,14.572022311548983,10.196372883366601,15.111859914765905,32.199760329440245
840,14.901072580695134,10.286685115011926,15.132474030704515,31.157159210884945
841,16.349638984333208,16.995186120826126,15.042490646097207,20.15996076584649
842,12.754555956875404,9.400730680098288,15.188169808667528,36.602098346338124
843,15.764819492368101,10.486284788944758,15.052971755084894,28.69835376052916
844,15.332904416426112,9.85333524043391,15.120098993600136,44.00304263065627
845,15.984902528016299,14.067927950794173,15.054176386329747,32.97509760536737
846,15.578337287815636,6.781213765221533,15.074158096901769,48.048555398206695
847,19.91060027982179,17.509124824465292,15.062936140719838,27.488253350586703
848,13.724520031497368,5.816148429917158,15.06965205116542,40.06703960776487
849,13.938006089996364,7.65642300438131,15.071903073299744,30.39740709860655
850,13.753718947150471,10.69240087668188,15.071055901218513,28.499324105603165
851,13.88904576167949,3.563113083850954,15.1345037292501,48.12013959387283
852,13.725225745386965,12.306136240656404,15.04004731559451,34.3184943183681
853,17.378033062215103,9.6205705413851,15.10114834009028,34.97914095764775
854,17.84100849597971,9.839261541850776,15.148897084138214,39.17596422333154
855,13.858507412501048,10.870368039730982,15.062846112087945,30.21978264437752
856,13.335288853791543,4.157892953598555,15.047515357512525,36.37584578942355
857,15.942831112772808,11.692970656569667,15.072348838512887,36.45646712119829
858,13.895553911438057,8.029473023598486,15.140053219974117,33.1122101169661
859,16.26586363551102,10.484898119197359,15.088814898789513,35.5849792767422
860,15.405846041702599,10.808772266114243,15.051140748381826,31.934400691617324
861,11.968511770005536,4.53608695052619,15.098477620149662,35.91815711036032
862,18.095010402660122,10.714544241003484,15.01719515942735,39.725707395910504
863,18.591755346191043,18.837351265905586,15.108190773482006,23.430760267730804
864,13.774422619031228,4.86140189039677,15.087973855020772,40.96675204587559
865,14.224596880128031,14.212072844235054,15.05460331442511,21.38273996338424
866,15.57173078144981,7.474092168424837,15.022021890771127,42.79290057996472
867,15.668913579974049,7.288798169491299,15.017475896180587,50.02831716342692
868,16.317088545345662,14.589987835991256,15.08987731646262,29.153637582904448
869,19.020409077532697,15.252851941396452,15.121565246556386,37.515705346828135
870,14.6461055450119,12.963219550469708,15.02729316965129,21.414662363317074
871,13.403405510923093,9.0481686017893,15.078741716723007,34.49928101473644
872,12.241361543970946,8.165464396528169,14.949610700496176,27.66495270003022
873,13.538139920116162,6.199158323308143,15.021099622668737,32.29333855595653
874,14.933746054252406,6.002819815893581,15.045981590237277,39.16499543942247
875,18.589115727035576,9.402064294665708,14.999922303434724,49.3335995368076
876,13.964777401927657,10.651281481662563,14.999517933300389,36.37707098387841
877,15.447575903277796,11.07524152451138,15.010424854987175,34.959692367804834
878,14.967154207854495,15.017468784517346,15.05863479370465,17.235868047224645
879,17.376786546896167,14.794396746384733,15.031342354179428,29.183376344083182
880,20.053864851747242,12.15930995245487,14.924141160884107,42.297609843093426
881,13.938262454159359,4.091513983514664,14.927041618132925,45.57117808918238
882,14.021121114963556,12.724167730603323,15.005008264414961,18.374938851316735
883,17.088321754138143,13.865714531596826,15.055273025691408,26.993625204983275
884,16.363782979252623,11.443000250129405,14.892164366499177,34.52117663750285
885,18.693414651472068,12.852931175013246,15.002093249454191,39.362421500503594
886,16.16785637065193,13.596666930416868,15.000402012454012,19.161739774970393
887,14.28141581842588,8.009232685033613,15.092280797343726,36.733746389385246
888,16.181309661384617,12.602827702597367,15.002959668434965,32.87220776696926
889,17.217407161165816,12.260763973800653,15.038671127643363,39.16134631731139
890,16.64096436239473,10.00211161838363,15.023743430632369,41.741993409209385
891,16.014548062214594,10.99528125278178,14.908962042604923,37.95139021290966
892,17.13334937917831,13.442507050758016,15.052564939667377,28.381982123330918
893,17.338591180891346,12.667420592668838,15.022434239978706,24.802330490828474
894,17.764317982075056,13.029406859691061,15.035045976422538,32.50455845946098
895,16.297419775179286,12.407452864825668,15.20436690186664,37.788092946750034
896,14.665763839366292,10.442152027367598,14.901682547119073,40.41449626161955
897,15.293427372866645,5.497485861352494,15.087336861732298,48.144628534517224
898,17.413017933016715,10.730259589192999,14.986286244858071,40.5122208016561
899,13.366128658025527,9.252569612113009,15.014309665697196,35.12531633375487
900,15.737346617745802,8.646483404213594,14.994178956128172,36.40113269326051
901,14.213322375345278,10.214780844613308,14.974788912564733,32.34678159369584
902,15.057489645869635,6.538115733109711,14.963248666631683,50.3840954546515
903,17.556903725214596,11.447977148620314,15.007420973490353,32.50506312422918
904,15.382198136039806,10.704104568052493,14.913802268382424,42.43008108952388
905,15.092873096312298,8.749722318881464,15.024357382987372,36.076160782401374
906,12.280287718040162,11.99291617424566,14.967046593983842,32.20190363306439
907,16.492507132054442,14.872809538783859,14.928686684251348,21.205320139053477
908,16.29096836228215,14.872743381479317,14.960790244609807,30.765970967428913
909,19.32650944661092,13.897680162319801,15.042143046200984,32.173807888844124
910,14.384443530093998,4.1868985316387235,14.948134473149961,38.31875403728961
911,15.438300655327877,3.7444002167499804,14.990075730691194,49.480471089210525
912,15.498767367421511,8.58461406309924,14.935995109562066,43.87566555162439
913,18.15490655952695,11.65237313469358,15.008644825783765,33.78035965669926
914,14.809408935226095,15.212582137684311,15.00647697354074,16.698573792791564
915,15.558043051540679,12.186064450742744,15.060744452364423,31.284733379921093
916,16.21579301943308,13.579144275157795,14.957903478352902,29.836120844664663
917,15.373218246312716,12.235761041066063,14.997864011635274,34.016512548265794
918,14.107132770898943,9.61156422665331,14.966655592704825,38.73910994531371
919,15.388179985796615,11.804451718887996,15.025001724959697,31.870380627454768
920,17.147263499719543,18.085162930846906,14.92452733033513,32.401717711716586
921,12.94696940117788,5.703238632825278,14.991628400259689,40.608635259381664
922,15.265939348293752,13.484168425513172,14.945374249732778,26.831409315526663
923,13.599758370121654,7.882017777788205,14.947931720848409,28.377644389152756
924,17.390093257849685,6.167845248599765,14.950976500217793,46.131198416919005
925,11.95362619043245,9.71177996519172,14.961491096708714,27.80175772342578
926,13.882156305456823,16.473018873695814,14.943483979128022,24.619798844929367
927,15.754423750129043,11.612436415769375,14.954664665491347,35.59639278905361
928,18.131048058468682,9.828169153472968,15.018754463425612,35.70891220182834
929,14.868499477854025,3.9934571151922427,14.98583496309943,47.61135665737875
930,13.889600946613603,12.578249729970853,14.982802054016524,30.980358291930767
931,18.76231413888118,12.272216469171616,14.911977974863953,45.62035213635829
932,12.103972199167512,8.499903569507671,14.889735924273754,36.64565709638998
933,10.602388086759836,5.920233149672243,14.979423950443346,38.16854314573258
934,15.880028900106664,2.94699885905556,14.969335824605965,51.16649005517803
935,13.995891551294777,13.504802536480238,15.00338798928014,27.923738056746327
936,12.957534365738574,7.196315381254854,14.894920359209296,42.769962472498236
937,16.416712894598707,10.013633379302407,14.911321027474333,31.14227204319435
938,15.487601427542398,7.230242452724356,14.83789711238632,39.7675213135513
939,13.871842738526544,8.577893278113859,14.89972946996675,31.725055177044165
940,12.43939120265821,6.515239584145903,14.966866449719717,38.74406883065524
941,16.74491465656029,12.919860358825662,14.892762703889723,38.801219473723194
942,16.30040235591732,10.493021532181999,14.945120299348174,33.62989021386527
943,14.801648272441234,10.831225098933466,14.902489633113357,20.989324509668347
944,18.69327399209533,11.82855832252718,14.924770493576295,36.668327614013954
945,12.859830467347695,8.968661475478598,14.85066984601328,37.34970664382523
946,11.948949658150521,5.817648476443962,14.909194821890843,39.95075187816252
947,13.616183860237511,8.703972301292445,14.753987095675491,36.96535435694301
948,14.908827967289005,6.530677214972501,14.890466116715741,40.35633499526061
949,15.486678898645383,10.640860069410842,14.818053428399626,28.29648397737015
950,14.51752788428734,14.836625288907983,14.96045927452965,26.93827679888105
951,15.704110793028594,6.918346290886619,14.932477485387153,38.40011995411082
952,12.496921151619112,10.214118054206969,14.918192147549599,40.48608986172657
953,17.887529208146518,14.848828224092976,14.968530960865943,33.92993800987966
954,14.835697643214862,11.622681525345339,14.842947665899825,28.522790722969294
955,17.234591663176253,8.1112773836638,14.972806502756022,40.189702322081764
956,15.685450692755408,17.092473334691494,14.935313089533986,21.721233683059886
957,15.913506438307568,1.5002608373275876,14.866965612838563,52.628981591851215
958,16.13953456046441,7.971364133266253,14.936696922145549,46.920509732046085
959,15.89541712003463,10.22570037764715,14.823850466008226,37.27151433349519
960,16.285445519735088,11.450127521583948,14.836356632924542,31.01247730175964
961,17.658305060264862,11.80164283569189,14.844642182725728,46.165527874924855
962,15.39304233940294,8.829675054264925,14.846269430954232,38.37327622787714
963,16.418007515177024,9.482360757326852,14.817704294483063,42.71549189554483
964,14.820528611425546,8.1537152134152,14.92982074665576,35.29249425879689
965,17.880234430898945,12.611492387133199,14.854422908959627,37.35306222625411
966,13.64721539588146,9.23923065680344,14.883421256048305,35.37151943387202
967,18.60188086582163,14.055700716782166,14.835209341604799,24.644113837598166
968,14.919684098711313,10.504408939769355,14.770762197393104,43.90692587018712
969,12.138449795763904,3.7371395051627108,14.871302212774271,48.25584288581513
970,15.256208829821578,8.475538662978991,14.76099691614559,36.575363752955234
971,13.637896685050238,17.45906258904308,14.856478880647723,11.846319489735041
972,16.68128709797745,9.713584768388166,14.784100396893566,40.673212728196326
973,13.694752041395219,8.110543457238894,14.950571695669463,36.601905665384635
974,14.10763313357044,9.163759402908132,14.895096199243405,36.66609220414076
975,11.220918538108938,7.386473897375596,14.853370467243208,33.62677626243713
976,14.095387361501846,5.723049201543805,14.906999164802755,44.27588126644571
977,10.152241346742088,2.3096619603735142,14.799762911433529,47.92168726969618
978,11.832194353028553,9.15082735649938,14.869833285435242,33.20325001870158
979,16.520829312288594,10.299672450914988,14.84887994325525,32.194036228197504
980,16.571600317301666,14.486570520925524,14.852158489168495,35.98287385631454
981,15.85091512356993,14.989769617936721,14.901187102252521,34.92536382870786
982,13.066047713741574,9.94619938751147,14.871064680975875,46.99998032502063
983,14.904577287716041,7.317396870567764,14.84464259293268,34.55689066809856
984,14.992794921818863,7.133419785690603,14.745325940620521,41.933160338007895
985,12.683270621614914,6.144014361323036,14.77872805710588,27.668019004638822
986,18.0067966035343,10.83150924299031,14.818276909639943,42.116320502984024
987,16.754724581151343,10.206189719806469,14.82739435128316,35.356068231855886
988,14.558071652340672,11.48251643800953,14.76595203615914,40.76833940278705
989,15.053771677989062,8.75800404396724,14.939435949961911,33.71846041795074
990,15.416765615895105,8.01553704021206,14.892119088474837,31.356541961529786
991,10.916530263151419,3.6536562737106957,14.844474479024905,37.16942927536885
992,14.505645234958806,5.938905120534876,14.815318473006975,32.25604137276217
993,13.636031504004404,6.511119962401212,14.799827095734141,43.00532035574294
994,12.996759980210168,6.9424153575854195,14.761376904687577,26.783274013967894
995,14.43779941422809,6.227348699278808,14.80976880056847,41.56318933581436
996,18.595373053699046,13.674936831446225,14.81842740889601,24.451813345224657
997,16.28168572253402,13.927309676217174,14.742734783202762,28.107263069950484
998,13.857642020434406,9.346842912265698,14.818453421308162,42.238488995360086
999,16.145165562712318,13.379873497131666,14.792854401525975,32.33382358834028
